{"beta_1a": 6.860978007316589, "beta_1b": 17.40923762321472, "beta_2a": 18.496012687683105, "beta_2b": 6.598151326179504, "beta_3a": 13.548948764801025, "beta_3b": 9.540044665336609, "beta_4a": 19.510585069656372, "beta_4b": 17.635220289230347, "beta_5a": 2.291204184293747, "beta_5b": 15.423170328140259, "cov_para_1": -0.38677872419357295, "cov_para_10": 0.8173562049865722, "cov_para_2": -0.16847442984580996, "cov_para_3": 0.21017500162124636, "cov_para_4": -0.2151525914669037, "cov_para_5": 0.5260870814323425, "cov_para_6": 0.5898452281951904, "cov_para_7": 0.4624871850013733, "cov_para_8": -0.3761110424995422, "cov_para_9": -0.31329204440116887, "lambda_expon_1": 0.07633687347173691, "lambda_expon_2": 0.0885584039092064, "lambda_expon_3": 0.05557734173536301, "lambda_expon_4": 0.04063994941115379}