{"beta_1a": 2.4793131769797547, "beta_1b": 17.056287671628542, "beta_2a": 6.193287980559434, "beta_2b": 14.319061046194905, "beta_3a": 7.224012888962953, "beta_3b": 15.767156534836811, "beta_4a": 11.367271271901247, "beta_4b": 6.802473928217605, "beta_5a": 1.1189601959050408, "beta_5b": 11.364225451041479, "cov_para_1": -0.2032171878313589, "cov_para_10": -0.14736884340092482, "cov_para_2": -0.09705798541074251, "cov_para_3": -0.01207720888328545, "cov_para_4": -0.16562821474295708, "cov_para_5": 0.031165717597647413, "cov_para_6": 0.45706120092331026, "cov_para_7": 0.35593483991937036, "cov_para_8": 0.23501621919927318, "cov_para_9": 0.02730214144187726, "lambda_expon_1": 0.05487860822284998, "lambda_expon_2": 0.07375675267067743, "lambda_expon_3": 0.06365766426604727, "lambda_expon_4": 0.0779408329226152}