{"buy_1_threshold": 1.1008123408992918, "buy_1_wait": 6261.500269783406, "buy_2_threshold": 3.999999999999999, "buy_2_wait": 4564.147218021326, "inner_bound_window_length": 22.609908137543297, "inner_denoise_std": 2.28312965392045, "max_position": 2, "min_profit": 2.9591337645599474, "outer_bound_window_length": 24.99252182057763, "outer_denoise_std": 0.6718376661185541, "sell_1_threshold": 1.2607761664684292, "sell_1_wait": 9999.999999999998, "sell_2_threshold": 1.169782424119473, "sell_2_wait": 3609.5452421211694}