{"buy_1_threshold": 1.4506683462956913, "buy_1_wait": 1.0000000000000187, "buy_2_threshold": 2.1181922807165097, "buy_2_wait": 6841.9863307154965, "inner_bound_window_length": 19.938569169635326, "inner_denoise_std": 1.0007954938154955, "max_position": 7, "min_profit": 1.0255201591792085, "outer_bound_window_length": 28.292689991130576, "outer_denoise_std": 1.7911620861590116, "sell_1_threshold": 1.7441198833714628, "sell_1_wait": 7688.006232491222, "sell_2_threshold": 4.0, "sell_2_wait": 1541.4091693440416}