{"initial_reset_timestamp": 1624464671.8958933, "timestamps": [1624464678.737797], "episode_lengths": [200], "episode_rewards": [-239.25925960347678], "episode_types": ["t"]}