{"beta_1a": 6.702671051025391, "beta_1b": 8.26220452785492, "beta_2a": 15.844038724899292, "beta_2b": 19.076439142227173, "beta_3a": 3.2053694128990173, "beta_3b": 14.297077655792236, "cov_para_1": -0.3450125455856323, "cov_para_2": -0.6355555951595306, "cov_para_3": 0.5735761284828186}