{"beta_1a": 17.80603051185608, "beta_1b": 4.5350182056427, "beta_2a": 1.3281221687793732, "beta_2b": 18.26368808746338, "beta_3a": 19.992457628250122, "beta_3b": 4.508957862854004, "cov_para_1": 0.8656653642654418, "cov_para_2": 0.15444009304046624, "cov_para_3": 0.4009522676467895}