{"beta_1a": 5.851629797403008, "beta_1b": 2.402756301374795, "beta_2a": 20.0, "beta_2b": 2.3861310070986836, "beta_3a": 10.610929271659007, "beta_3b": 16.043876675301338, "cov_para_1": -0.7268476824313215, "cov_para_2": 0.9, "cov_para_3": 0.3054855148967227}