{"beta_1a": 2.407475167181107e-12, "beta_1b": 16.403499667260743, "beta_2a": 1.2922655680061754e-13, "beta_2b": 9.627699653139665, "beta_3a": 0.06475565649525342, "beta_3b": 13.491167721750903, "cov_para_1": 0.5377657802044232, "cov_para_2": -0.0012081767966833912, "cov_para_3": -0.04083651802085664}