{"beta_1a": 17.56934881210327, "beta_1b": 12.032121419906616, "beta_2a": 6.411154270172119, "beta_2b": 10.068830251693726, "beta_3a": 18.78969430923462, "beta_3b": 10.156221389770508, "beta_4a": 0.37597570568323135, "beta_4b": 1.2994968891143799, "cov_para_1": 0.30068721771240237, "cov_para_2": -0.05833536386489868, "cov_para_3": -0.1593504130840302, "cov_para_4": -0.4361171007156372, "cov_para_5": -0.5903093039989471, "cov_para_6": -0.38987506628036495, "lambda_expon_1": 0.07644056928157807, "lambda_expon_2": 0.09237519806623459, "lambda_expon_3": 0.05891893374919892}