{"beta_1a": 15.659723132595262, "beta_1b": 12.330840765778913, "beta_2a": 8.665597966608948, "beta_2b": 6.9177030724959065, "beta_3a": 15.665920211949498, "beta_3b": 20.0, "beta_4a": 8.585303272337093e-16, "beta_4b": 10.140597100502342, "cov_para_1": 0.7892604627364547, "cov_para_2": 0.6480906939385883, "cov_para_3": -0.2785071869772713, "cov_para_4": -0.0023746179166577175, "cov_para_5": 0.3572304767776079, "cov_para_6": 0.5506318568601846, "lambda_expon_1": 0.05424476247453181, "lambda_expon_2": 0.08728963882084122, "lambda_expon_3": 0.04298357691262868}