{"beta_1a": 2.227146911624191, "beta_1b": 15.215892476546477, "beta_2a": 6.16141409253979, "beta_2b": 9.910972148056503, "beta_3a": 0.8393186592270457, "beta_3b": 3.3178126147862326, "beta_4a": 0.9000581116897484, "beta_4b": 17.059254167516706, "cov_para_1": -0.026603034072311127, "cov_para_2": -0.09862398002566897, "cov_para_3": 0.8223102344389764, "cov_para_4": 0.2877514802615496, "cov_para_5": -0.7673728803798269, "cov_para_6": 0.16730465300161457, "lambda_expon_1": 0.045669879474247554, "lambda_expon_2": 0.03765524011357802, "lambda_expon_3": 0.05352683823415893}