{"beta_1a": 7.779402292936231, "beta_1b": 15.99508024054407, "beta_2a": 10.415067866085819, "beta_2b": 12.093051778272159, "beta_3a": 7.509928267075036, "beta_3b": 14.275439706895245, "beta_4a": 1.3921558019510774, "beta_4b": 7.916125737682833, "cov_para_1": -0.06949259947307429, "cov_para_2": 0.23929418034836003, "cov_para_3": 0.39441937092703283, "cov_para_4": 0.5122625089816987, "cov_para_5": 0.04957641118779821, "cov_para_6": -0.17890348702479064, "lambda_expon_1": 0.059660893731805935, "lambda_expon_2": 0.04483797185269005, "lambda_expon_3": 0.052272870139135216}