{"beta_1a": 7.098217345313439, "beta_1b": 8.662831035753971, "beta_2a": 7.857990180717634, "beta_2b": 14.55426218574646, "beta_3a": 6.450966566464681, "beta_3b": 5.562238680310011, "beta_4a": 6.93595746536513, "beta_4b": 14.591414013169102, "cov_para_1": 0.4304949449354126, "cov_para_2": 0.023999436581471967, "cov_para_3": 0.3636618846468026, "cov_para_4": 0.12768118634397563, "cov_para_5": 0.0359770027084112, "cov_para_6": -0.06919891181499205, "lambda_expon_1": 0.08002459226102225, "lambda_expon_2": 0.03180016250326891, "lambda_expon_3": 0.027085487595542756}