{"beta_1a": 10.37703081646223, "beta_1b": 2.6809397573407603, "beta_2a": 5.3279589004966335, "beta_2b": 18.267663063513556, "beta_3a": 7.980616064081336, "beta_3b": 12.897671643369277, "beta_4a": 5.284366052550115, "beta_4b": 14.257324135276503, "beta_5a": 1.94698505397783, "beta_5b": 10.069489606069595, "cov_para_1": -0.6415680084025394, "cov_para_10": 0.7077824176463042, "cov_para_2": 0.7633161422031497, "cov_para_3": -0.40701915831121926, "cov_para_4": -0.34431202639569336, "cov_para_5": -0.45358833349869404, "cov_para_6": 0.5196685920670553, "cov_para_7": 0.33740857305796756, "cov_para_8": 0.49055431987454046, "cov_para_9": -0.5418728307757353, "lambda_expon_1": 7.75759732229827, "lambda_expon_2": 0.04810890003981903, "lambda_expon_3": 0.050682697788831124, "lambda_expon_4": 0.048961667986733334}