{"beta_1a": 14.412533044815063, "beta_1b": 13.792279958724976, "beta_2a": 3.709459602832794, "beta_2b": 16.532446146011353, "beta_3a": 18.782318830490112, "beta_3b": 13.221420049667358, "beta_4a": 0.5082721263170242, "beta_4b": 1.8312552571296692, "beta_5a": 2.7157798409461975, "beta_5b": 9.577082991600037, "cov_para_1": 0.19448676109313967, "cov_para_10": -0.4507972329854965, "cov_para_2": 0.7627580165863038, "cov_para_3": 0.08772003650665283, "cov_para_4": 0.48376976251602166, "cov_para_5": -0.11568893194198604, "cov_para_6": 0.894067919254303, "cov_para_7": 0.6098713517189026, "cov_para_8": -0.4164286136627197, "cov_para_9": 0.30368474721908567, "lambda_expon_1": 9.954901675581931, "lambda_expon_2": 0.08254521530866624, "lambda_expon_3": 0.0390058508515358, "lambda_expon_4": 0.03816806152462959}