{"beta_1a": 2.021657159079259, "beta_1b": 17.31424425218172, "beta_2a": 9.746010346241398, "beta_2b": 10.83737090304135, "beta_3a": 12.106590551152737, "beta_3b": 13.657441779258665, "beta_4a": 4.104657014441419, "beta_4b": 7.114022110124608, "beta_5a": 10.823265241110443, "beta_5b": 5.946551780307358, "beta_6a": 1.0792138826545932, "beta_6b": 16.94638715343862, "cov_para_1": -0.2750662686867771, "cov_para_10": 0.18576403575765787, "cov_para_11": -0.13444454038299647, "cov_para_12": 0.36100225138999387, "cov_para_13": 0.10615556071248855, "cov_para_14": 0.0998732919182963, "cov_para_15": -0.44626588086484537, "cov_para_2": -0.18508274479804954, "cov_para_3": 0.6452450287155705, "cov_para_4": -0.16879265381009145, "cov_para_5": 0.17404033015849396, "cov_para_6": 0.017037306541535235, "cov_para_7": 0.025120835910729777, "cov_para_8": 0.25869855292308597, "cov_para_9": -0.28732579422349347, "lambda_expon_0": 0.06932310524332425, "lambda_expon_1": 0.7985952760218576, "lambda_expon_2": 0.07455924108085771, "lambda_expon_3": 0.07506700778072506, "lambda_expon_4": 0.035627794061723846}