{"beta_1a": 8.860446382313967, "beta_1b": 5.057895854115486, "beta_2a": 5.467701721936464, "beta_2b": 11.553874518722296, "beta_3a": 5.516515523195267, "beta_3b": 2.7045639231801033, "beta_4a": 4.640767313539982, "beta_4b": 0.7216804474592209, "beta_5a": 18.648444898426533, "beta_5b": 9.195964485406876, "beta_6a": 3.696387428790331, "beta_6b": 19.730457346886396, "cov_para_1": -0.7216504141688347, "cov_para_10": -0.4273814242333174, "cov_para_11": -0.4144124608486891, "cov_para_12": 0.5571626521646976, "cov_para_13": -0.7785610707476736, "cov_para_14": -0.07529525812715288, "cov_para_15": 0.7118390729650855, "cov_para_2": -0.5301510136574508, "cov_para_3": -0.07446239870041604, "cov_para_4": -0.06595451049506662, "cov_para_5": 0.8413081085309387, "cov_para_6": -0.598392016813159, "cov_para_7": -0.4934114422649145, "cov_para_8": 0.41671205945312983, "cov_para_9": -0.3507245041429996, "lambda_expon_0": 0.09859153851866723, "lambda_expon_1": 0.3197930095344782, "lambda_expon_2": 0.05558885523490608, "lambda_expon_3": 0.0540288897305727, "lambda_expon_4": 0.06755363400559873}