{"beta_1a": 2.8121299010588237, "beta_1b": 11.774295866165815, "beta_2a": 9.455553883941182, "beta_2b": 4.150019320849429, "beta_3a": 6.25188375311704, "beta_3b": 17.546693228602052, "beta_4a": 10.0419375016153, "beta_4b": 8.756574267982781, "beta_5a": 13.096871420454814, "beta_5b": 11.645738603257715, "beta_6a": 2.5414138087362987, "beta_6b": 17.447249455441643, "cov_para_1": -0.46230513155852426, "cov_para_10": 0.09817940510826906, "cov_para_11": 0.26894233943172263, "cov_para_12": -0.05858467248450028, "cov_para_13": 0.045770268041327444, "cov_para_14": -0.29798332383507153, "cov_para_15": 0.03313510310577772, "cov_para_2": 0.09188381127053258, "cov_para_3": -0.29200089487197967, "cov_para_4": 0.6074349117445056, "cov_para_5": 0.38703354411310575, "cov_para_6": -0.20160737606878265, "cov_para_7": 0.09996419557174885, "cov_para_8": -0.187200640501201, "cov_para_9": 0.2554495059004306, "lambda_expon_0": 0.08164195831604013, "lambda_expon_1": 0.9151628948217599, "lambda_expon_2": 0.054417716448444675, "lambda_expon_3": 0.07338552441366426, "lambda_expon_4": 0.06969572762483259}